Firm,Home Country,Source
Acegame SA,Argentina,"Company registration, HQ: Buenos Aires"
Aerolíneas Argentinas SA,Argentina,"Company registration, HQ: Buenos Aires"
Alemar Argentina SA,Argentina,"Company registration, HQ: Buenos Aires"
Audio Mobile Americas SA,Argentina,"Company registration, HQ: Buenos Aires"
Banco Macro BanSud SA,Argentina,"BYMA Filing, HQ: Buenos Aires"
Banco de Galicia Y Buenos Aires SA,Argentina,"BYMA Filing, HQ: Buenos Aires"
Banco de la Nación Argentina,Argentina,"Company registration, HQ: Buenos Aires"
Banco de la Provincia de Buenos Aires SA,Argentina,"Company registration, HQ: La Plata"
Dyname SA,Argentina,"Company registration, HQ: Buenos Aires"
Exo SA,Argentina,"Company registration, HQ: Buenos Aires"
Movilson SRL,Argentina,"Company registration, HQ: Buenos Aires"
New San SA,Argentina,"Company registration, HQ: Buenos Aires"
Tarjeta Naranja SA,Argentina,"Company registration, HQ: Córdoba"
Unibell Argentina SA,Argentina,"Company registration, HQ: Buenos Aires"
ANZ Banking Group Ltd,Australia,"ASX Filing, HQ: Melbourne"
Commonwealth Bank of Australia (CBA),Australia,"ASX Filing, HQ: Sydney"
Easi Australia Pty Ltd,Australia,"Company registration, HQ: Melbourne"
Event Hospitality & Entertainment Ltd,Australia,"ASX Filing, HQ: Sydney"
Halfbrick Studios Pty Ltd,Australia,MASTER_CODEBOOK (sourced from stock exchange filings and corporate registrations)
Kinlea Holdings Pty Ltd,Australia,"Company registration, HQ: Sydney"
Moose Toys Pty Ltd,Australia,"Company registration, HQ: Melbourne"
National Australia Bank Group (NAB),Australia,"ASX Filing, HQ: Melbourne"
Playgro PTY Ltd,Australia,"Company registration, HQ: Melbourne"
Qantas Airways Ltd,Australia,"ASX Filing, HQ: Sydney"
Westpac Banking Corp,Australia,"ASX Filing, HQ: Sydney"
AVenture AT,Austria,"Company registration, HQ: Vienna"
BAWAG PSK AG,Austria,"Vienna Stock Exchange Filing, HQ: Vienna"
Emporia Telecom GmbH & Co KG,Austria,"Company registration, HQ: Linz"
Erste Group Bank AG,Austria,"Vienna Stock Exchange Filing, HQ: Vienna"
Falkensteiner Michaeler Tourism Group AG,Austria,"Company registration, HQ: Vienna"
Paybox Bank AG,Austria,"Company registration, HQ: Vienna"
Raiffeisen Bank International AG,Austria,"Vienna Stock Exchange Filing, HQ: Vienna"
Raiffeisen Zentralbank AG,Austria,"Vienna Stock Exchange Filing, HQ: Vienna"
Wiener Spielkartenfabrik Ferd Piatnik & Söhne,Austria,"Company registration, HQ: Vienna"
Gulf Air Co LLC,Bahrain,"Company registration, HQ: Muharraq"
"Dream Makers, Group of Cos",Belarus,"Company registration, HQ: Minsk"
Vityaz OAO,Belarus,"Company registration, HQ: Vitebsk"
KBC Bank & Insurance Holding Co,Belgium,"Euronext Brussels Filing, HQ: Brussels"
RenArt,Belgium,"Company registration, HQ: Brussels"
Aquarius Brasil Indústria e Comércio Ltda,Brazil,"Company registration, HQ: São Paulo"
Azul Linhas Aéreas Brasileiras SA,Brazil,"B3 Filing, HQ: Barueri"
Banco Bradesco SA,Brazil,"B3 Filing, HQ: Osasco"
Banco do Brasil SA,Brazil,"B3 Filing, HQ: Brasília"
CCE da Amazonia SA,Brazil,"Company registration, HQ: Manaus"
GOL Linhas Aéreas Inteligentes SA,Brazil,"B3/NYSE Filing, HQ: São Paulo"
Itaú Unibanco Holding SA,Brazil,"B3 Filing, HQ: São Paulo"
Multilaser Industrial SA,Brazil,"B3 Filing, HQ: São Paulo"
Nu Pagamentos SA,Brazil,"SEC Filing (Nubank), HQ: São Paulo"
PST Eletrônica SA,Brazil,"Company registration, HQ: Manaus"
Positivo Tecnologia SA,Brazil,"B3 Filing, HQ: Curitiba"
Thomas K L Indústria de Alto Falantes Ltda,Brazil,"Company registration, HQ: Gravataí"
Albena AD,Bulgaria,"BSE Filing, HQ: Albena"
Bulgarian Airways Group EAD,Bulgaria,"Company registration, HQ: Sofia"
Air Canada Inc,Canada,"TSX Filing, HQ: Montreal"
Bank of Montreal Financial Group,Canada,"TSX Filing, HQ: Montreal"
"Bank of Nova Scotia, The",Canada,"TSX Filing, HQ: Toronto"
Bojeux,Canada,"Company registration, HQ: Montreal"
Canadian Imperial Bank of Commerce (CIBC),Canada,"TSX Filing, HQ: Toronto"
Desjardins Group,Canada,"Company registration, HQ: Lévis, Quebec"
Four Seasons Hotels Ltd,Canada,"Company registration, HQ: Toronto"
Maison Joseph Battat Ltd,Canada,"Company registration, HQ: Montreal"
Rakuten Kobo Inc,Canada,"Rakuten subsidiary, HQ: Toronto"
Restaurant Brands International Inc,Canada,"TSX/SEC Filing, HQ: Toronto"
Royal Bank of Canada (RBC),Canada,"TSX Filing, HQ: Toronto"
Spin Master Ltd,Canada,"TSX Filing, HQ: Toronto"
Star Telecom Alliance Resources Inc,Canada,"Company registration, HQ: Markham"
TD Bank Financial Group,Canada,"TSX Filing, HQ: Toronto"
WestJet Airlines Ltd,Canada,"Company registration, HQ: Calgary"
Banco Falabella SA,Chile,"BCS Filing, HQ: Santiago"
Banco de Chile,Chile,"BCS Filing, HQ: Santiago"
Banco de Crédito Inversiones SA,Chile,"BCS Filing, HQ: Santiago"
CAT Administradora de Tarjetas SA,Chile,"Company registration, HQ: Santiago"
Cencosud SA,Chile,"BCS Filing, HQ: Santiago"
Diego de Almagro,Chile,"Company registration, HQ: Santiago"
Falabella SACI,Chile,"BCS Filing, HQ: Santiago"
JetSMART Airlines SpA,Chile,"Company registration, HQ: Santiago"
LATAM Airlines Group SA,Chile,"BCS Filing, HQ: Santiago"
Ripley Corp SA,Chile,"BCS Filing, HQ: Santiago"
Sky Airline SA,Chile,"Company registration, HQ: Santiago"
iCom SpA,Chile,"Company registration, HQ: Santiago"
1More Inc,China,"Company registration, HQ: Shenzhen"
Agricultural Bank of China Ltd,China,"SSE/HKEX Filing, HQ: Beijing"
Air China Co Ltd,China,"SSE/HKEX Filing, HQ: Beijing"
Alibaba Group Holding Ltd,China,"SEC 20-F Filing, HQ: Hangzhou"
Alpha Group,China,"SZSE Filing, HQ: Shantou"
Anker Innovations Technology Co Ltd,China,"SZSE Filing, HQ: Changsha"
Apex Technology Co Ltd,China,"SZSE Filing, HQ: Zhuhai"
Arashi Vision Co Ltd,China,"Company registration (Insta360), HQ: Shenzhen"
BBK Electronics Corp Ltd,China,"Company registration, HQ: Dongguan"
BanBao Co Ltd,China,"Company registration, HQ: Shantou"
Bank of China Ltd,China,"SSE/HKEX Filing, HQ: Beijing"
Bank of Communications Co Ltd,China,"HKEX/SSE Filing, HQ: Shanghai"
Beijing PopMart Culture Creative Co Ltd,China,"HKEX Filing, HQ: Beijing"
Bestway Inflatables & Material Corp,China,"Company registration, HQ: Shanghai"
Blackview International Group,China,"Company registration, HQ: Hong Kong/Shenzhen"
ByteDance Ltd,China,MASTER_CODEBOOK (sourced from stock exchange filings and corporate registrations)
CITIC Group,China,"Company registration, HQ: Beijing"
China Construction Bank Corp,China,"SSE/HKEX Filing, HQ: Beijing"
China Eastern Airlines Corp Ltd,China,"SSE/HKEX Filing, HQ: Shanghai"
China Everbright Bank Co Ltd,China,"HKEX/SSE Filing, HQ: Beijing"
China Guangfa Bank Co Ltd,China,"Company registration, HQ: Guangzhou"
China Lodging Group Ltd,China,"SEC Filing (Huazhu), HQ: Shanghai"
China Merchants Bank Co Ltd,China,"HKEX/SSE Filing, HQ: Shenzhen"
China Minsheng Banking Corp Ltd,China,"HKEX/SSE Filing, HQ: Beijing"
China National Travel Service (HK) Group Corp,China,"Company registration, HQ: Hong Kong"
China Southern Airlines Co Ltd,China,"SSE/HKEX Filing, HQ: Guangzhou"
Didi Chuxing Technology Co Ltd,China,"SEC 20-F Filing, HQ: Beijing"
Divoom Europe GmbH,China,"Company registration (parent Divoom), HQ: Shenzhen"
Dongguan Liesheng Electronic Technology Co Ltd,China,"Company registration, HQ: Dongguan"
Edifier International Ltd,China,"HKEX Filing, HQ: Beijing"
Flyaudio Corp,China,"Company registration, HQ: Guangzhou"
Gionee Communication Equipment Co Ltd,China,"Company registration, HQ: Shenzhen"
Guangdong Alpha Animation & Culture Co Ltd,China,"SZSE Filing, HQ: Shantou"
Guangdong Huile Toys Industrial Co Ltd,China,"Company registration, HQ: Shantou"
Guangdong Loongon Animation & Culture Co Ltd,China,"Company registration, HQ: Shantou"
Guangdong Qman Toys Industry Co Ltd,China,"Company registration, HQ: Shantou"
Haier Group,China,"SSE Filing, HQ: Qingdao"
Hisense Group,China,"SSE Filing, HQ: Qingdao"
Huawei Technologies Co Ltd,China,"Company registration, HQ: Shenzhen"
Huizhou Foryou General Electronics Co Ltd,China,"SZSE Filing, HQ: Huizhou"
I Got Games Inc,China,MASTER_CODEBOOK (sourced from stock exchange filings and corporate registrations)
Industrial & Commercial Bank of China Ltd,China,"SSE/HKEX Filing, HQ: Beijing"
Industrial Bank Co Ltd,China,"SSE Filing, HQ: Fuzhou"
Jin Jiang International Co Ltd,China,"SSE/HKEX Filing, HQ: Shanghai"
Kayou (Shanghai) Cultural Creativity Co Ltd,China,"Company registration, HQ: Shanghai"
Lenovo Group Ltd,China,"HKEX Filing, HQ: Beijing/Hong Kong"
Maka Technologies Group,China,"Company registration, HQ: Shenzhen"
Meituan Inc,China,"HKEX Filing, HQ: Beijing"
Meizu Telecom Equipment Co Ltd,China,"Company registration, HQ: Zhuhai"
Microlab Electronics Co Ltd,China,"Company registration, HQ: Shenzhen"
NetEase Inc,China,MASTER_CODEBOOK (sourced from stock exchange filings and corporate registrations)
Onyx International Inc,China,"Company registration (BOOX e-readers), HQ: Guangzhou"
Pantum International Ltd,China,"Company registration, HQ: Zhuhai"
Perfect World Co Ltd,China,MASTER_CODEBOOK (sourced from stock exchange filings and corporate registrations)
Ping An Insurance Co of China Ltd,China,"HKEX/SSE Filing, HQ: Shenzhen"
Rastar Group,China,"Company registration, HQ: Shantou"
SZ DJI Technology Co Ltd,China,"Company registration (DJI drones), HQ: Shenzhen"
Shanghai Lilith Technology Co Ltd,China,MASTER_CODEBOOK (sourced from stock exchange filings and corporate registrations)
Shanghai Pudong Development Bank Co Ltd,China,"SSE Filing, HQ: Shanghai"
Shantou MZ Model Co Ltd,China,"Company registration, HQ: Shantou"
Shenzhen MTC Co Ltd,China,"Company registration, HQ: Shenzhen"
Shenzhen Skyworth-RGB Electronic Co Ltd,China,"SZSE Filing (Skyworth), HQ: Shenzhen"
Shenzhen Zhixin New Information Technology Co Ltd,China,"Company registration, HQ: Shenzhen"
Sichuan Changhong Electric Co Ltd,China,"SSE Filing, HQ: Mianyang"
Skyworth Group Co Ltd,China,"HKEX Filing, HQ: Shenzhen"
Soul Ltd,China,"Company registration, HQ: Shenzhen"
Syma Model Aircraft Industrial Co Ltd,China,"Company registration, HQ: Shantou"
TCL Corp,China,"SZSE Filing, HQ: Huizhou"
Tencent Holdings Ltd,China,MASTER_CODEBOOK (sourced from stock exchange filings and corporate registrations)
Tinno Mobile Technology Corp,China,"Company registration, HQ: Shenzhen"
Transsion Holdings,China,"SSE Filing, HQ: Shenzhen"
Xiaomi Corp,China,"HKEX Filing, HQ: Beijing"
XinYu Art Toys Co Ltd,China,"Company registration, HQ: Shantou"
ZTE Corp,China,"SZSE/HKEX Filing, HQ: Shenzhen"
Zepp Health Corp,China,"SEC 20-F Filing, HQ: Hefei"
miHoYo Co Ltd,China,MASTER_CODEBOOK (sourced from stock exchange filings and corporate registrations)
"Aval, Grupo",Colombia,"BVC Filing, HQ: Bogotá"
BanColombia SA,Colombia,"BVC Filing, HQ: Medellín"
Banco Colpatria Multibanca Colpatria SA,Colombia,"Scotiabank subsidiary, HQ: Bogotá"
Banco Davivienda SA,Colombia,"BVC Filing, HQ: Bogotá"
Challenger SAS,Colombia,"Company registration, HQ: Bogotá"
Colombiana de Comercio SA,Colombia,"Company registration (Alkosto), HQ: Bogotá"
Hoteles Dann,Colombia,"Company registration, HQ: Bogotá"
Rappi Inc,Colombia,"Company registration, HQ: Bogotá"
Synergy Group,Colombia,"Company registration, HQ: Bogotá (Avianca owner)"
Tuya SA,Colombia,"Company registration, HQ: Medellín"
Atlas Group Hotles Ltd,Croatia,"Company registration, HQ: Dubrovnik"
Valamar Hotels & Resorts,Croatia,"ZSE Filing, HQ: Poreč"
Asbisc Enterprises Plc,Cyprus,"Company registration, HQ: Limassol"
Wargaming Group Ltd,Cyprus,MASTER_CODEBOOK (sourced from stock exchange filings and corporate registrations)
Alza.cz as,Czech Republic,"Company registration, HQ: Prague"
Moneta Money Bank as,Czech Republic,"PSE Filing, HQ: Prague"
Sencor Europe Sro,Czech Republic,"Company registration, HQ: Prague"
Smartwings as,Czech Republic,"Company registration, HQ: Prague"
Arp-Hansen Hotel Group,Denmark,"Company registration, HQ: Copenhagen"
Bang & Olufsen A/S,Denmark,"Nasdaq Copenhagen Filing, HQ: Struer"
Danske Bank Group,Denmark,"Nasdaq Copenhagen Filing, HQ: Copenhagen"
Denver Electronics A/S,Denmark,"Company registration, HQ: Hadsund"
GN Store Nord A/S,Denmark,"Nasdaq Copenhagen Filing, HQ: Ballerup"
Jyske Bank A/S,Denmark,"Nasdaq Copenhagen Filing, HQ: Silkeborg"
Kiloo Group,Denmark,MASTER_CODEBOOK (sourced from stock exchange filings and corporate registrations)
LEGO Group,Denmark,"Company registration, HQ: Billund"
Malte Haaning Plastic A/S,Denmark,"Company registration, HQ: Billund (Hama)"
Sunclass Airlines A/S,Denmark,"Company registration (formerly Thomas Cook Scandinavia), HQ: Copenhagen"
Sydbank A/S,Denmark,"Nasdaq Copenhagen Filing, HQ: Aabenraa"
Commercial International Bank,Egypt,"EGX Filing, HQ: Cairo"
EgyptAir Co,Egypt,"Company registration, HQ: Cairo"
El Araby Group,Egypt,"Company registration, HQ: Benha"
National Bank of Egypt,Egypt,"Company registration, HQ: Cairo"
Pickalbatros Group,Egypt,"Company registration, HQ: Hurghada"
Red Sea Hotels Group,Egypt,"Company registration, HQ: Hurghada"
Sunrise Resorts & Cruises SA,Egypt,"Company registration, HQ: Hurghada"
Symphony Inc,Egypt,"Company registration, HQ: Cairo"
Travco Group Holding SAE,Egypt,"Company registration, HQ: Cairo"
Unionaire Group,Egypt,"Company registration, HQ: Cairo"
elmenus Egypt LLC,Egypt,"Company registration, HQ: Cairo"
Bolt Technology OÜ,Estonia,"Company registration, HQ: Tallinn"
Ethiopian Airlines Group,Ethiopia,"Company registration, HQ: Addis Ababa"
Finnair Oyj,Finland,"Nasdaq Helsinki Filing, HQ: Vantaa"
Nokia Corp,Finland,"Nasdaq Helsinki Filing, HQ: Espoo"
Nordea Bank Abp,Finland,"Nasdaq Helsinki Filing, HQ: Helsinki"
Polar Electro Oy,Finland,"Company registration, HQ: Kempele"
Rovio Entertainment Ltd,Finland,"Nasdaq Helsinki Filing, HQ: Espoo"
S Group,Finland,"Company registration (Sokos Hotels), HQ: Helsinki"
AccorHotels Group,France,"Euronext Filing, HQ: Issy-les-Moulineaux"
Air France-KLM Group SA,France,"Euronext Filing, HQ: Paris"
Ankama SARL,France,MASTER_CODEBOOK (sourced from stock exchange filings and corporate registrations)
Archos SA,France,"Euronext Filing, HQ: Igny"
Atari SA,France,MASTER_CODEBOOK (sourced from stock exchange filings and corporate registrations)
B&B Hotels SAS,France,"Company registration, HQ: Brest"
"BNP Paribas, Groupe",France,"Euronext Filing, HQ: Paris"
BPCE SA (Banques Populaires Caisses d'Epargne Groupe),France,"Company registration, HQ: Paris"
Carrefour SA,France,"Euronext Filing, HQ: Massy"
Club Méditerranée SA,France,"Company registration, HQ: Paris (Fosun owned)"
"Crédit Agricole, Groupe",France,"Euronext Filing, HQ: Montrouge"
"Crédit Mutuel, Groupe",France,"Company registration, HQ: Strasbourg"
Devialet SA,France,"Company registration, HQ: Paris"
Djeco SAS,France,"Company registration, HQ: Paris"
Faurecia SA,France,"Euronext Filing, HQ: Nanterre"
Focal-JMlab SAS,France,"Company registration, HQ: Saint-Étienne"
Jouets Ecoiffier SAS,France,"Company registration, HQ: Oyonnax"
LVMH Moët Hennessy Louis Vuitton SA,France,"Euronext Filing, HQ: Paris"
"La Poste, Groupe",France,"Company registration, HQ: Paris"
LaSer Group,France,"BNP Paribas subsidiary, HQ: Paris"
Libellud,France,"Company registration, HQ: Poitiers"
Société Générale SA,France,"Euronext Filing, HQ: Paris"
Ubisoft Entertainment SA,France,"Euronext Filing, HQ: Montreuil"
Vivendi SE,France,MASTER_CODEBOOK (sourced from stock exchange filings and corporate registrations)
Vulli SAS,France,"Company registration (Sophie la Girafe), HQ: Rumilly"
Withings SA,France,"Company registration, HQ: Issy-les-Moulineaux"
Amigo Spiel + Freizeit Gmbh,Germany,"Company registration, HQ: Dietzenbach"
Astragon Entertainment GmbH,Germany,MASTER_CODEBOOK (sourced from stock exchange filings and corporate registrations)
BRUDER Spielwaren GmbH + Co KG,Germany,"Company registration, HQ: Fürth"
Blaupunkt Group,Germany,"Company registration, HQ: Hildesheim"
Bullyland GmbH,Germany,"Company registration, HQ: Spraitbach"
Chal-Tec GmbH,Germany,"Company registration, HQ: Berlin"
Commerzbank AG,Germany,"XETRA Filing, HQ: Frankfurt"
Condor Flugdienst GmbH,Germany,"Company registration, HQ: Frankfurt"
Delivery Hero SE,Germany,"XETRA Filing, HQ: Berlin"
Deutsche Bank AG,Germany,"XETRA Filing, HQ: Frankfurt"
Deutsche Lufthansa AG,Germany,"Xetra Filing, HQ: Cologne"
Deutscher Sparkassen- & Giroverband eV (DSGV),Germany,"Company registration, HQ: Berlin"
Faber-Castell AG,Germany,"Company registration, HQ: Stein"
Franckh-Kosmos Verlags-GmbH & CO KG,Germany,"Company registration, HQ: Stuttgart"
Gamigo Group,Germany,MASTER_CODEBOOK (sourced from stock exchange filings and corporate registrations)
Geobra Brandstätter GmbH & Co KG,Germany,"Handelsregister, HQ: Zirndorf (Playmobil)"
Good Time Holding GmbH,Germany,"Company registration, HQ: Mörfelden-Walldorf"
Habermaass GmbH,Germany,"Company registration, HQ: Bad Rodach (HABA)"
Hape Holding AG,Germany,"Company registration, HQ: Lorsch"
Heinz Kettler GmbH & Co KG,Germany,"Company registration, HQ: Ense"
Hudora GmbH,Germany,"Company registration, HQ: Remscheid"
John GmbH,Germany,"Company registration, HQ: Bad Rodach"
Jumbo Spiele GmbH,Germany,"Company registration, HQ: Herscheid"
Kempinski AG,Germany,"Company registration, HQ: Geneva (managed from)"
Koch Media GmbH,Germany,MASTER_CODEBOOK (sourced from stock exchange filings and corporate registrations)
Landesbank Berlin Holding AG,Germany,"Company registration, HQ: Berlin"
Lautsprecher Teufel GmbH,Germany,"Company registration, HQ: Berlin"
MLP AG,Germany,"XETRA Filing, HQ: Wiesloch"
Maestro Badenia Akustik & Elektronik GmbH,Germany,"Company registration, HQ: Karlsruhe"
Magarete Steiff GmbH,Germany,"Company registration, HQ: Giengen an der Brenz"
NICI GmbH,Germany,"Company registration, HQ: Altenkunstadt"
Ravensburger AG,Germany,"Company registration, HQ: Ravensburg"
Revell Carrera GmbH,Germany,"Handelsregister, HQ: Bünde"
Roadstar Group,Germany,"Company registration, HQ: Cologne"
Saturn Hi-Tech Group AG,Germany,"Company registration, HQ: Munich"
Schleich GmbH,Germany,"Company registration, HQ: Schwäbisch Gmünd"
Schmidt Spiele GmbH,Germany,"Company registration, HQ: Berlin"
Selecta Spielzeug AG,Germany,"Company registration, HQ: Edling"
Sennheiser Electronic GmbH & Co KG,Germany,"Handelsregister, HQ: Wedemark"
Sieper GmbH,Germany,"Company registration, HQ: Lüdenscheid (Siku)"
Simba-Dickie Group GmbH,Germany,"Handelsregister, HQ: Fürth"
TUI Group,Germany,"LSE/Xetra Filing, HQ: Hanover"
Telefunken Licenses GmbH,Germany,"Company registration, HQ: Frankfurt"
Theo Klein GmbH,Germany,"Company registration, HQ: Ramberg"
Zapf Creation AG,Germany,"Company registration, HQ: Rödental"
Aegean Airlines SA,Greece,"ATHEX Filing, HQ: Athens"
Alpha Bank SA,Greece,"ATHEX Filing, HQ: Athens"
EFG Eurobank Ergasias SA,Greece,"ATHEX Filing, HQ: Athens"
Emp Electronics SA,Greece,"Company registration, HQ: Athens"
National Bank of Greece SA,Greece,"ATHEX Filing, HQ: Athens"
Piraeus Bank SA,Greece,"ATHEX Filing, HQ: Athens"
Pizza Fan Delivery SA,Greece,"Company registration, HQ: Athens"
Plaisio Computers SA,Greece,"ATHEX Filing, HQ: Athens"
Sky Express,Greece,"Company registration, HQ: Athens"
Vivartia SA,Greece,"ATHEX Filing, HQ: Athens"
4M Industrial Development Ltd,Hong Kong SAR China,"Company registration, HQ: Hong Kong"
BOC Credit Card (International) Ltd,Hong Kong SAR China,"Bank of China subsidiary, HQ: Hong Kong"
Cathay Pacific Airways Ltd,Hong Kong SAR China,"HKEX Filing, HQ: Hong Kong"
Edu-Science (HK) Ltd,Hong Kong SAR China,"Company registration, HQ: Hong Kong"
Funtime Toys Co Ltd,Hong Kong SAR China,"Company registration, HQ: Hong Kong"
Funville Ltd,Hong Kong SAR China,"Company registration, HQ: Hong Kong"
Great Eagle Holdings Ltd,Hong Kong SAR China,"HKEX Filing, HQ: Hong Kong"
Grow'n Up Ltd,Hong Kong SAR China,"Company registration, HQ: Hong Kong"
Hang Seng Bank Ltd,Hong Kong SAR China,"HKEX Filing, HQ: Hong Kong"
Hong Kong & Shanghai Hotels Ltd,Hong Kong SAR China,"HKEX Filing, HQ: Hong Kong"
Hong Kong Airlines Ltd,Hong Kong SAR China,"Company registration, HQ: Hong Kong"
Hot Toys Ltd,Hong Kong SAR China,"Company registration, HQ: Hong Kong"
Hutchison Whampoa Ltd,Hong Kong SAR China,"CK Hutchison Holdings, HQ: Hong Kong"
K's Kids Inc,Hong Kong SAR China,"Company registration, HQ: Hong Kong"
Kiddieland Toys Ltd,Hong Kong SAR China,"Company registration, HQ: Hong Kong"
Mandarin Oriental Hotel Group Ltd,Hong Kong SAR China,"LSE Filing, HQ: Hong Kong"
May Cheong Group,Hong Kong SAR China,"Company registration, HQ: Hong Kong"
New Bright Industrial Co Ltd,Hong Kong SAR China,"Company registration, HQ: Hong Kong"
New World Development Ltd,Hong Kong SAR China,"HKEX Filing, HQ: Hong Kong"
PlayGo Toys Mfg Ltd,Hong Kong SAR China,"Company registration, HQ: Hong Kong"
Playmates Toys Ltd,Hong Kong SAR China,"Company registration, HQ: Hong Kong"
Regal Hotels International Holdings Ltd,Hong Kong SAR China,"HKEX Filing, HQ: Hong Kong"
Rosewood Hotels & Resorts LLC,Hong Kong SAR China,"New World Development, HQ: Hong Kong"
Shangri-La International Hotel Management Ltd,Hong Kong SAR China,"HKEX Filing, HQ: Hong Kong"
Silverlit Toys Manufactory Ltd,Hong Kong SAR China,"Company registration, HQ: Hong Kong"
TPV Technology Ltd,Hong Kong SAR China,"HKEX Filing, HQ: Hong Kong"
Toy State Industrial Ltd,Hong Kong SAR China,"Company registration, HQ: Hong Kong"
U Watch (HK) Co Ltd,Hong Kong SAR China,"Company registration, HQ: Hong Kong"
VTech Holdings Ltd,Hong Kong SAR China,"HKEX Filing, HQ: Hong Kong"
Welly Die Casting Fty Ltd,Hong Kong SAR China,"Company registration, HQ: Hong Kong"
"Wharf (Holdings) Ltd, The",Hong Kong SAR China,"HKEX Filing, HQ: Hong Kong"
WowWee Group Ltd,Hong Kong SAR China,"Company registration, HQ: Hong Kong"
Danubius Hotels Zrt,Hungary,"Company registration, HQ: Budapest"
Hungaro Flotta Kft,Hungary,"Company registration, HQ: Budapest"
MBH Bank Nyrt,Hungary,"BET Filing, HQ: Budapest"
OTP Bank NyRt,Hungary,"BSE Filing, HQ: Budapest"
Wizz Air Hungary Ltd,Hungary,"LSE Filing, HQ: Budapest"
CCP ehf,Iceland,MASTER_CODEBOOK (sourced from stock exchange filings and corporate registrations)
Air India Ltd,India,"Company registration (Tata), HQ: Mumbai"
Axis Bank Ltd,India,"NSE/BSE Filing, HQ: Mumbai"
CE Info Systems Ltd,India,"NSE Filing (MapmyIndia), HQ: Delhi"
EIH Ltd,India,"NSE/BSE Filing, HQ: Kolkata (Oberoi Hotels)"
HDFC Bank Ltd,India,"NSE Filing, HQ: Mumbai"
ICICI Bank Ltd,India,"NSE/BSE Filing, HQ: Mumbai"
Imagine Marketing Pvt Ltd,India,"Company registration (boAt), HQ: Delhi"
Indian Hotels Co Ltd,India,"NSE/BSE Filing, HQ: Mumbai"
InterGlobe Enterprises Pvt Ltd,India,"NSE Filing (IndiGo), HQ: Gurugram"
Intex Technologies (India) Ltd,India,"Company registration, HQ: Delhi"
Karbonn Mobile India Pvt Ltd,India,"Company registration, HQ: New Delhi"
Lava International Ltd,India,"Company registration, HQ: Noida"
Micromax Informatics Ltd,India,"Company registration, HQ: Gurugram"
Noise Retail Private Ltd,India,"Company registration, HQ: Gurugram"
Prism Tech Pvt Ltd,India,"Company registration, HQ: Mumbai"
SBI Cards & Payment Services Ltd,India,"NSE Filing, HQ: Gurugram"
ToyKraft Pvt Ltd,India,"Company registration, HQ: Mumbai"
Zomato Ltd,India,"NSE Filing, HQ: Gurugram"
Bank CIMB Niaga Tbk PT,Indonesia,"IDX Filing, HQ: Jakarta"
Bank Central Asia Tbk PT,Indonesia,"IDX Filing, HQ: Jakarta"
Bank Mandiri (Persero) Tbk PT,Indonesia,"IDX Filing, HQ: Jakarta"
Bank Mega Tbk PT,Indonesia,"IDX Filing, HQ: Jakarta"
Bank Negara Indonesia (Persero) Tbk PT,Indonesia,"IDX Filing, HQ: Jakarta"
Garuda Indonesia Tbk PT,Indonesia,"IDX Filing, HQ: Jakarta"
GoTo Group,Indonesia,"IDX Filing, HQ: Jakarta"
Hartono Istana Teknologi PT,Indonesia,"Company registration (Polytron), HQ: Kudus"
Intech Surya Abadi PT,Indonesia,"Company registration, HQ: Jakarta"
Lion Air Group,Indonesia,"Company registration, HQ: Jakarta"
Dalata Hotel Group Plc,Ireland,"ISE Filing, HQ: Dublin"
Playrix Entertainment LLC,Ireland,MASTER_CODEBOOK (sourced from stock exchange filings and corporate registrations)
Ryanair Holdings Plc,Ireland,"LSE/Euronext Filing, HQ: Dublin"
Arkia Israeli Airlines Ltd,Israel,"Company registration, HQ: Tel Aviv"
Dan Hotels Corp,Israel,"Company registration, HQ: Tel Aviv"
El Al Israel Airlines Ltd,Israel,"TASE Filing, HQ: Tel Aviv"
Fattal Hotel Management Ltd,Israel,"TASE Filing, HQ: Tel Aviv"
ICC CAL Ltd,Israel,"Company registration, HQ: Tel Aviv"
IsraCard Ltd,Israel,"TASE Filing, HQ: Tel Aviv"
Israir Airlines & Tourism Ltd,Israel,"Company registration, HQ: Tel Aviv"
Moon Active Ltd,Israel,MASTER_CODEBOOK (sourced from stock exchange filings and corporate registrations)
Plarium Global Ltd,Israel,MASTER_CODEBOOK (sourced from stock exchange filings and corporate registrations)
Sodexo Pass Israel Ltd,Israel,"Sodexo subsidiary, HQ: Tel Aviv"
Tiny Love Ltd,Israel,"Company registration, HQ: Tel Aviv"
Warburg Pincus Financial Holdings (Israel) Ltd,Israel,"Company registration, HQ: Tel Aviv"
Agos Ducato SpA,Italy,"Crédit Agricole subsidiary, HQ: Milan"
Artsana Gruppo,Italy,"Company registration, HQ: Grandate (Chicco)"
Biemme SpA,Italy,"Company registration, HQ: Casarsa della Delizia"
Clementoni SpA,Italy,"Company registration, HQ: Recanati"
Compagnia Aerea Italiana SpA,Italy,"Company registration (ITA Airways), HQ: Rome"
"Digital Bros SpA, Group",Italy,MASTER_CODEBOOK (sourced from stock exchange filings and corporate registrations)
Elettromedia Srl,Italy,"Company registration, HQ: Potenza Picena"
Giochi Preziosi SpA,Italy,"Company registration, HQ: Cogliate"
Italia Trasporto Aereo SpA,Italy,"Company registration, HQ: Rome (ITA Airways)"
La nuova Faro Srl,Italy,"Company registration, HQ: Omegna"
Liscianigiochi Spa,Italy,"Company registration, HQ: Sant'Elpidio a Mare"
Mondo SpA,Italy,"Company registration, HQ: Gatteo"
New Majestic SpA,Italy,"Company registration, HQ: Milan"
Nexi Payments SpA,Italy,"Borsa Italiana Filing, HQ: Milan"
Peg Perego Pines SpA,Italy,"Company registration, HQ: Arcore"
Quercetti & C SpA,Italy,"Company registration, HQ: Turin"
Rainbow Spa,Italy,"Company registration (Winx Club), HQ: Loreto"
Rainbow Srl,Italy,"Company registration, HQ: Loreto (Winx)"
UniCredit Group,Italy,"BIT Filing, HQ: Milan"
AEON Group,Japan,"TSE Filing, HQ: Chiba"
ANA Group,Japan,"TSE Filing, HQ: Tokyo"
Akai Electric Co Ltd,Japan,Brand owned by various licensees
Alps Alpine Co Ltd,Japan,"TSE Filing, HQ: Tokyo"
Audio Technica Corp,Japan,"Company registration, HQ: Tokyo"
BANDAI NAMCO Group,Japan,"TSE Filing, HQ: Tokyo"
Brother Industries Ltd,Japan,"TSE Filing, HQ: Nagoya"
Bushiroad Inc,Japan,"TSE Filing, HQ: Tokyo"
Canon Inc,Japan,"TSE Filing, HQ: Tokyo"
Capcom Co Ltd,Japan,MASTER_CODEBOOK (sourced from stock exchange filings and corporate registrations)
Casio Computer Co Ltd,Japan,"TSE Filing, HQ: Tokyo"
Credit Saison Co Ltd,Japan,"TSE Filing, HQ: Tokyo"
CyberAgent Inc,Japan,MASTER_CODEBOOK (sourced from stock exchange filings and corporate registrations)
Demaecan Co Ltd,Japan,"Company registration, HQ: Tokyo"
Denso Corp,Japan,"TSE Filing, HQ: Kariya"
Dynabook Inc,Japan,"Company registration, HQ: Tokyo (Sharp subsidiary)"
Epoch Co Ltd,Japan,"TSE Filing, HQ: Tokyo"
Fujifilm Holdings Corp,Japan,"TSE Filing, HQ: Tokyo"
Funai Electric Co Ltd,Japan,"Company registration, HQ: Osaka"
GungHo Online Entertainment Inc,Japan,MASTER_CODEBOOK (sourced from stock exchange filings and corporate registrations)
JCB Co Ltd,Japan,"Company registration, HQ: Tokyo"
JVC Kenwood Corp,Japan,"TSE Filing, HQ: Yokohama"
Japan Airlines Co Ltd,Japan,"TSE Filing, HQ: Tokyo"
Japan Industrial Partners Inc,Japan,"Company registration, HQ: Tokyo"
Kawada Co Ltd,Japan,"Company registration, HQ: Tokyo"
Koei Tecmo Holdings Co Ltd,Japan,MASTER_CODEBOOK (sourced from stock exchange filings and corporate registrations)
Konami Corp,Japan,"TSE Filing, HQ: Tokyo"
Kyocera Corp,Japan,"TSE Filing, HQ: Kyoto"
Line Corp,Japan,"Company registration, HQ: Tokyo (Z Holdings subsidiary)"
Mitek Corp,Japan,"Company registration, HQ: Tokyo"
Mitsubishi UFJ Financial Group Inc,Japan,"TSE Filing, HQ: Tokyo"
NEC Corp,Japan,"TSE Filing, HQ: Tokyo"
Nexon Co Ltd,Japan,MASTER_CODEBOOK (sourced from stock exchange filings and corporate registrations)
Nikon Corp,Japan,"TSE Filing, HQ: Tokyo"
Nintendo Co Ltd,Japan,"TSE Filing, HQ: Kyoto"
Nippon Klick Corp,Japan,"Company registration, HQ: Tokyo"
OKI Electric Industry Co Ltd,Japan,"TSE Filing, HQ: Tokyo"
Onkyo Corp,Japan,"TSE Filing (delisted 2022), HQ: Osaka"
Orion Electric Co Ltd,Japan,"Company registration, HQ: Osaka"
Panasonic Automotive Systems Co Ltd,Japan,"Panasonic Holdings subsidiary, HQ: Yokohama"
Panasonic Corp,Japan,"TSE Filing, HQ: Kadoma"
People Co Ltd,Japan,"TSE Filing, HQ: Tokyo"
Pilot Ink Co Ltd,Japan,"Company registration (Pilot Pen), HQ: Nagoya"
Pioneer Corp,Japan,"TSE Filing, HQ: Tokyo"
Rakuten Group Inc,Japan,"TSE Filing, HQ: Tokyo"
Ricoh Co Ltd,Japan,"TSE Filing, HQ: Tokyo"
Sanrio Co Ltd,Japan,"TSE Filing, HQ: Tokyo"
Sansui Electric Co Ltd,Japan,Brand owned by various licensees
Sega Sammy Holdings Inc,Japan,"TSE Filing, HQ: Tokyo"
Seiko Epson Corp,Japan,"TSE Filing, HQ: Suwa, Nagano"
Sony Corp,Japan,"TSE Filing, HQ: Tokyo"
Square Enix Holdings Co Ltd,Japan,MASTER_CODEBOOK (sourced from stock exchange filings and corporate registrations)
Sumitomo Mitsui Financial Group Inc,Japan,"TSE Filing, HQ: Tokyo"
Tamiya Inc,Japan,"Company registration, HQ: Shizuoka"
Tomy Co Ltd,Japan,"TSE Filing, HQ: Tokyo"
Toshiba Corp,Japan,"TSE Filing, HQ: Tokyo"
Type-Moon Co Ltd,Japan,MASTER_CODEBOOK (sourced from stock exchange filings and corporate registrations)
Vaio Corp,Japan,"Company registration, HQ: Azumino (Sony spinoff)"
Yamaha Corp,Japan,"TSE Filing, HQ: Hamamatsu"
iiyama Electric Co Ltd,Japan,"Company registration, HQ: Nagano"
Kenya Airways Ltd,Kenya,"NSE Filing, HQ: Nairobi"
Sarova Hotels Ltd,Kenya,"Company registration, HQ: Nairobi"
CIMB Bank Bhd,Malaysia,"Bursa Filing, HQ: Kuala Lumpur"
Capital A Bhd,Malaysia,"Bursa Filing, HQ: Kuala Lumpur (AirAsia)"
Genting Bhd,Malaysia,"Bursa Filing, HQ: Kuala Lumpur"
Hong Leong Bank Bhd,Malaysia,"Bursa Filing, HQ: Kuala Lumpur"
Malayan Banking Bhd,Malaysia,"Bursa Filing, HQ: Kuala Lumpur"
Malaysia Airlines Berhad,Malaysia,"Company registration, HQ: Sepang"
Public Bank Bhd,Malaysia,"Bursa Filing, HQ: Kuala Lumpur"
Aeroenlaces Nacionales SA de CV,Mexico,"Company registration (VivaAerobus), HQ: Monterrey"
Aerovias de Mexico SA de CV,Mexico,"Company registration (Aeromexico), HQ: Mexico City"
Bancoppel SA,Mexico,"Company registration, HQ: Mexico City"
Grupo Financiero Banorte SAB de CV,Mexico,"BMV Filing, HQ: Mexico City"
Vuela Cía de Aviación,Mexico,"Company registration (Volaris), HQ: Mexico City"
AttijariWafa Bank,Morocco,"CSE Filing, HQ: Casablanca"
BMCE,Morocco,"CSE Filing (Bank of Africa), HQ: Casablanca"
BMCI,Morocco,"CSE Filing, HQ: Casablanca"
Groupe BCP,Morocco,"CSE Filing (Banque Populaire), HQ: Casablanca"
Royal Air Maroc SA,Morocco,"Company registration, HQ: Casablanca"
999 Games BV,Netherlands,"Company registration, HQ: Almere"
ABN AMRO Bank NV,Netherlands,"Euronext Filing, HQ: Amsterdam"
Caliber Europe BV,Netherlands,"Company registration, HQ: Boxtel"
Commaxx International NV,Netherlands,"Company registration, HQ: Tilburg"
Credit Europe Bank NV,Netherlands,"Company registration, HQ: Amsterdam"
Goliath BV,Netherlands,"Company registration, HQ: Hattem"
ING Groep NV,Netherlands,"Euronext Filing, HQ: Amsterdam"
International Card Services BV,Netherlands,"Company registration, HQ: Diemen"
Just Eat Takeaway.com NV,Netherlands,"Euronext Filing, HQ: Amsterdam"
Koninklijke Philips NV,Netherlands,"Euronext Filing, HQ: Amsterdam"
PPF Group NV,Netherlands,"Company registration, HQ: Amsterdam"
Rabobank Groep NV,Netherlands,"Company registration, HQ: Utrecht"
SES Nederland BV,Netherlands,"Company registration, HQ: Enschede"
Salora International BV,Netherlands,"Company registration, HQ: Amsterdam"
Sitecom Europe BV,Netherlands,"Company registration, HQ: Rotterdam"
SkyTec Group Ltd,Netherlands,"Company registration, HQ: Eindhoven"
Stichting Toekan BV,Netherlands,"Company registration, HQ: Netherlands"
Takeaway.com Group BV,Netherlands,"Just Eat Takeaway subsidiary, HQ: Amsterdam"
TomTom International BV,Netherlands,"Euronext Filing, HQ: Amsterdam"
Trust International BV,Netherlands,"Company registration, HQ: Dordrecht"
Air New Zealand Ltd,New Zealand,"NZX Filing, HQ: Auckland"
Zuru Inc,New Zealand,"Company registration, HQ: Auckland"
Access Bank Plc,Nigeria,"NGX Filing, HQ: Lagos"
FBN Holdings Plc,Nigeria,"NGX Filing, HQ: Lagos"
Fidelity Bank Plc,Nigeria,"NGX Filing, HQ: Lagos"
Guaranty Trust Bank Plc,Nigeria,"NGX Filing, HQ: Lagos"
Zenith Bank UK Ltd,Nigeria,"NGX Filing, HQ: Lagos"
Zinox Technologies Ltd,Nigeria,"Company registration, HQ: Lagos"
DNB ASA,Norway,"OSE Filing, HQ: Oslo"
De Historiske Hotel & Spisesteder SA,Norway,"Company registration, HQ: Oslo"
First Hotels AS,Norway,"Company registration, HQ: Oslo"
Komplett AS,Norway,"Company registration, HQ: Sandefjord"
Norwegian Air Shuttle ASA,Norway,"Oslo Børs Filing, HQ: Fornebu"
Olav Thon Gruppen,Norway,"Company registration, HQ: Oslo"
Orkla Group,Norway,"Oslo Børs Filing, HQ: Oslo"
XPLORA Mobile AS,Norway,"Company registration (kids smartwatches), HQ: Oslo"
Copa Holdings SA,Panama,"SEC 20-F Filing, HQ: Panama City"
Banco de Crédito del Perú,Peru,"BVL Filing, HQ: Lima"
Intercorp Perú Ltd,Peru,"Company registration, HQ: Lima"
Acorn International Hotels Corp,Philippines,"Company registration, HQ: Makati"
Air Philippines Corp,Philippines,"PAL Holdings subsidiary, HQ: Pasay City"
BDO Unibank Inc,Philippines,"PSE Filing, HQ: Makati"
Bank of the Philippine Islands - BPI,Philippines,"PSE Filing, HQ: Makati"
Cebu Air Inc,Philippines,"PSE Filing, HQ: Pasay"
Cosmic Technologies Inc,Philippines,"Company registration, HQ: Quezon City"
East West Banking Corp,Philippines,"PSE Filing, HQ: Makati"
GS Holdings Corp,Philippines,"Company registration, HQ: Taguig"
Metropolitan Bank & Trust Co - Metrobank - MBTC,Philippines,"PSE Filing, HQ: Makati"
Philippine Airlines Inc,Philippines,"PSE Filing, HQ: Pasay"
Rizal Commercial Banking Corp - RCBC,Philippines,"PSE Filing, HQ: Makati"
Security Bank Corp,Philippines,"PSE Filing, HQ: Makati"
Union Bank of the Philippines Inc,Philippines,"PSE Filing, HQ: Pasig City"
Winterpine Marketing Corp,Philippines,"Company registration, HQ: Manila"
Bank Polska Kasa Opieki SA - Pekao SA Group,Poland,"WSE Filing, HQ: Warsaw"
CD Projekt SA,Poland,MASTER_CODEBOOK (sourced from stock exchange filings and corporate registrations)
Castor Drukarnia i Wydawnictwo Sp j,Poland,"Company registration, HQ: Sieradz"
Cobi SA,Poland,"Company registration, HQ: Mielec"
Enter Air Sp zoo,Poland,"WSE Filing, HQ: Warsaw"
Goclever Sp zoo,Poland,"Company registration, HQ: Łódź"
Granna Sp zoo,Poland,"Company registration, HQ: Ostrołęka"
Lechpol,Poland,"Company registration, HQ: Mielec"
MNI SA,Poland,"Company registration, HQ: Warsaw"
Manta SA,Poland,"Company registration, HQ: Warsaw"
Navitel Poland Sp zoo,Poland,"Company registration, HQ: Warsaw"
PKO Bank Polski SA,Poland,"WSE Filing, HQ: Warsaw"
Polskie Linie Lotnicze LOT SA (PPL LOT SA),Poland,"Company registration, HQ: Warsaw"
Trefl SA,Poland,"Company registration, HQ: Gdynia"
Wader & Wozniak Sp zoo,Poland,"Company registration, HQ: Wieluń"
Banco Comercial Português SA,Portugal,"Euronext Lisbon Filing, HQ: Lisbon"
"Caixa Económica Montepio Geral, Grupo",Portugal,"Company registration, HQ: Lisbon"
"Caixa Geral de Depósitos, Grupo",Portugal,"Company registration, HQ: Lisbon"
Novo Banco SA,Portugal,"Company registration, HQ: Lisbon"
"SATA SGPS, Grupo",Portugal,"Company registration (Azores Airlines), HQ: Ponta Delgada"
Science4you SA,Portugal,"Euronext Lisbon Filing, HQ: Lisbon"
"TAP SGPS SA, Grupo",Portugal,"Euronext Lisbon Filing (TAP Air Portugal), HQ: Lisbon"
Qatar Airways Group Plc,Qatar,"Company registration, HQ: Doha"
Qatar National Bank SAQ,Qatar,"QSE Filing, HQ: Doha"
AROBS Transilvania Software SRL,Romania,"Company registration, HQ: Cluj-Napoca"
Banca Comerciala Romana SA,Romania,"BVB Filing, HQ: Bucharest"
Banca Transilvania Sa,Romania,"BVB Filing, HQ: Cluj-Napoca"
Don 20 SRL,Romania,"Company registration, HQ: Bucharest"
E-Boda Distribution SRL,Romania,"Company registration, HQ: Bucharest"
F&B Investment Holding Srl,Romania,"Company registration, HQ: Bucharest"
HiSky Europe SRL,Romania,"Company registration, HQ: Bucharest"
Jerry's Pizza SRL,Romania,"Company registration, HQ: Bucharest"
Marvel Autor SRL,Romania,"Company registration, HQ: Bucharest"
Network One Distribution SRL,Romania,"Company registration, HQ: Bucharest"
Pizza Delivery SRL,Romania,"Company registration, HQ: Bucharest"
Tarom SA Cia Nationala de Transporturi Aeriene Romane,Romania,"Company registration, HQ: Bucharest"
Tuning 86 Bistrita Srl,Romania,"Company registration, HQ: Bistrița"
Visual Fan SRL,Romania,"Company registration, HQ: Bucharest"
Aeroflot Rossiyskiye Avialinii PAO,Russia,"MOEX Filing, HQ: Moscow"
Alfa Group Consortium,Russia,"Company registration, HQ: Moscow"
Amiral OOO,Russia,"Company registration, HQ: Moscow"
DNS OOO,Russia,"Company registration, HQ: Vladivostok"
Explay ZAO,Russia,"Company registration, HQ: Moscow"
Mystery Electronics Ltd,Russia,"Company registration, HQ: Moscow"
Pizza Venchur OOO,Russia,"Company registration (Dodo Pizza), HQ: Moscow"
Russkiy Standart Bank AO,Russia,"Company registration, HQ: Moscow"
S7 Group ZAO,Russia,"Company registration (S7 Airlines), HQ: Novosibirsk"
SVEN Scandinavia Ltd,Russia,"Company registration, HQ: Saint Petersburg"
Sberbank PAO,Russia,"MOEX Filing, HQ: Moscow"
Simbat Toys OOO,Russia,"Company registration, HQ: Moscow"
Supra Technologies Ltd,Russia,"Company registration, HQ: Moscow"
TKS Bank AO,Russia,"Company registration (Tinkoff), HQ: Moscow"
VTB Bank PAO,Russia,"MOEX Filing, HQ: Moscow"
Yandex NV,Russia,"MOEX Filing, HQ: Moscow"
Al Rajhi Banking & Investment Corp,Saudi Arabia,"Tadawul Filing, HQ: Riyadh"
Al Tayyar Travel Group Holding Co,Saudi Arabia,"Tadawul Filing, HQ: Riyadh"
Arab National Bank,Saudi Arabia,"Tadawul Filing, HQ: Riyadh"
Bank Al Jazira,Saudi Arabia,"Tadawul Filing, HQ: Jeddah"
Jahez International Co for Information & Technology,Saudi Arabia,"Tadawul Filing, HQ: Riyadh"
Mrsool Inc,Saudi Arabia,"Company registration, HQ: Riyadh"
National Air Services (NAS),Saudi Arabia,"Company registration (flynas owner), HQ: Riyadh"
Riyad Bank,Saudi Arabia,"Tadawul Filing, HQ: Riyadh"
Saudi Arabian Airlines Corp,Saudi Arabia,"Company registration, HQ: Jeddah"
Saudi National Bank SNB,Saudi Arabia,"Tadawul Filing, HQ: Riyadh"
Aman Resorts International,Singapore,"Company registration, HQ: Singapore"
Banyan Tree Holdings Ltd,Singapore,"SGX Filing, HQ: Singapore"
Creative Technology Ltd,Singapore,"SGX Filing, HQ: Singapore"
DBS Group Holdings Ltd,Singapore,"SGX Filing, HQ: Singapore"
Grab Holdings Inc,Singapore,"SEC 20-F Filing, HQ: Singapore"
Jetstar Asia Airways Pte Ltd,Singapore,"Qantas subsidiary, HQ: Singapore"
Oversea-Chinese Banking Corp Ltd (OCBC Bank),Singapore,"SGX Filing, HQ: Singapore"
Razer Inc,Singapore,"HKEX Filing, HQ: Singapore"
Sea Ltd,Singapore,"SEC Filing, HQ: Singapore"
Singapore Airlines Ltd (SIA),Singapore,"SGX Filing, HQ: Singapore"
United Overseas Bank Ltd,Singapore,"SGX Filing, HQ: Singapore"
Absa Group Ltd,South Africa,"JSE Filing, HQ: Johannesburg"
Cemair (Pty) Ltd,South Africa,"Company registration, HQ: Johannesburg"
City Lodge Hotels Ltd,South Africa,"JSE Filing, HQ: Johannesburg"
FirstRand Bank Ltd,South Africa,"JSE Filing, HQ: Johannesburg"
Investec Bank Ltd,South Africa,"JSE Filing, HQ: Johannesburg"
Naspers Ltd,South Africa,"JSE Filing, HQ: Cape Town"
Nedbank Group Ltd,South Africa,"JSE Filing, HQ: Johannesburg"
Safair Operations (Pty) Ltd,South Africa,"Company registration (FlySafair), HQ: Johannesburg"
South African Airlink Ltd,South Africa,"Company registration, HQ: Johannesburg"
South African Airways (PTY) Ltd,South Africa,"Company registration, HQ: Johannesburg"
Southern Sun Ltd,South Africa,"Tsogo Sun Hotels, HQ: Johannesburg"
Standard Bank of South Africa,South Africa,"JSE Filing, HQ: Johannesburg"
Asiana Airlines Inc,South Korea,"KRX Filing, HQ: Seoul"
Aurora World Corp,South Korea,"Company registration, HQ: Seoul"
Carnavi Corp,South Korea,"Company registration, HQ: Seoul"
Coupang Corp,South Korea,"SEC 10-K Filing, HQ: Seoul"
Cowon Systems Inc,South Korea,"Company registration, HQ: Seoul"
Donerland Co Ltd,South Korea,"Company registration, HQ: Seoul"
Fine Digital Corp,South Korea,"Company registration (FINEDIGITAL), HQ: Seoul"
Gamevil Inc,South Korea,MASTER_CODEBOOK (sourced from stock exchange filings and corporate registrations)
Hana Financial Group Inc,South Korea,"KRX Filing, HQ: Seoul"
Henes Co Ltd,South Korea,"Company registration, HQ: Seoul"
Hyundai Corp,South Korea,"KRX Filing, HQ: Seoul"
Hyundai Group,South Korea,"KRX Filing, HQ: Seoul"
Jin Air Co Ltd,South Korea,"KRX Filing, HQ: Seoul"
KB Kookmin Card Co Ltd,South Korea,"KRX Filing, HQ: Seoul"
KaKao Corp,South Korea,"KRX Filing, HQ: Seongnam"
Korean Air Lines Co Ltd,South Korea,"KRX Filing, HQ: Seoul"
Krafton Inc,South Korea,MASTER_CODEBOOK (sourced from stock exchange filings and corporate registrations)
LG Corp,South Korea,"KRX Filing, HQ: Seoul"
Lotte Group,South Korea,"KRX Filing, HQ: Seoul"
Mimiworld Co Ltd,South Korea,"Company registration, HQ: Seoul"
Mirae N Co Ltd,South Korea,"Company registration, HQ: Seoul"
NCsoft Corp,South Korea,MASTER_CODEBOOK (sourced from stock exchange filings and corporate registrations)
NHN Corp,South Korea,MASTER_CODEBOOK (sourced from stock exchange filings and corporate registrations)
Netmarble Corp,South Korea,MASTER_CODEBOOK (sourced from stock exchange filings and corporate registrations)
NongHyup Financial Group Inc,South Korea,"KRX Filing, HQ: Seoul"
Roi Visual Co Ltd,South Korea,"Company registration, HQ: Seoul"
Samsung Corp,South Korea,"KRX Filing (Samsung Group), HQ: Seoul"
Shinhan Group,South Korea,"KRX Filing, HQ: Seoul"
SmileGate Inc,South Korea,MASTER_CODEBOOK (sourced from stock exchange filings and corporate registrations)
Sonokong Co Ltd,South Korea,"KRX Filing, HQ: Seoul"
Thinkware Co Ltd,South Korea,"Company registration, HQ: Seoul"
Webzen Inc,South Korea,MASTER_CODEBOOK (sourced from stock exchange filings and corporate registrations)
Woori Finance Holdings Co Ltd,South Korea,"KRX Filing, HQ: Seoul"
Banco Bilbao Vizcaya Argentaria SA,Spain,"BME Filing, HQ: Bilbao"
Banco Santander SA,Spain,"BME Filing, HQ: Santander"
Bankinter SA,Spain,"BME Filing, HQ: Madrid"
"Barceló, Grupo",Spain,"Company registration, HQ: Palma de Mallorca"
Caixabank SA,Spain,"BME Filing, HQ: Valencia"
Diset SA,Spain,"Company registration, HQ: Barcelona"
Energy Sistem Technology SA,Spain,"Company registration, HQ: Valencia"
Globalia Group,Spain,"Company registration (Air Europa), HQ: Llucmajor"
Grupo Santander,Spain,"BME Filing, HQ: Santander"
IMC Toys SA,Spain,"Company registration, HQ: Granollers"
"Iberostar SA, Grupo",Spain,"Company registration, HQ: Palma de Mallorca"
Industrial Juguetera SA,Spain,"Company registration, HQ: Ibi"
International Consolidated Airlines Group SA,Spain,"LSE/BME Filing, HQ: Madrid"
Jovi SA,Spain,"Company registration, HQ: Barcelona"
Magic Box Int Toys SLU,Spain,"Company registration, HQ: Barcelona"
Meliá Hotels International SA,Spain,"BME Filing, HQ: Palma de Mallorca"
Moltó y Cía SA,Spain,"Company registration, HQ: Ibi"
NH Hotel Group SA,Spain,"BME Filing, HQ: Madrid (Minor International subsidiary)"
Quatrotec Electrónica SL,Spain,"Company registration, HQ: Madrid"
Riu Hoteles SA,Spain,"Company registration, HQ: Palma de Mallorca"
SPC Group,Spain,"Company registration, HQ: Valencia"
Tasty Bidco SL,Spain,"Company registration, HQ: Madrid (Telepizza owner)"
Universo IME SA,Spain,"Company registration, HQ: Madrid"
Volotea SA,Spain,"Company registration, HQ: Barcelona"
Audio Pro AB,Sweden,"Company registration, HQ: Malmö"
DORO AB,Sweden,"Nasdaq Stockholm Filing, HQ: Malmö"
Electrolux AB,Sweden,"Nasdaq Stockholm Filing, HQ: Stockholm"
Embracer Group AB,Sweden,"Nasdaq Stockholm Filing, HQ: Karlstad"
EnterCard Group AB,Sweden,"Company registration, HQ: Stockholm"
Kjell Group AB,Sweden,"Company registration, HQ: Malmö"
NOBA Bank Group AB,Sweden,"Company registration, HQ: Stockholm"
SAS Group,Sweden,"Nasdaq Stockholm Filing, HQ: Stockholm"
Scandic Hotels AB,Sweden,"Nasdaq Stockholm Filing, HQ: Stockholm"
Skandinaviska Enskilda Banken AB,Sweden,"Nasdaq Stockholm Filing, HQ: Stockholm"
Svenska Handelsbanken AB,Sweden,"Nasdaq Stockholm Filing, HQ: Stockholm"
Swedbank AB,Sweden,"Nasdaq Stockholm Filing, HQ: Stockholm"
Tura Group AB,Sweden,"Company registration, HQ: Norrköping"
Urbanista AB,Sweden,"Company registration, HQ: Stockholm"
Zound Industries International AB,Sweden,"Company registration (Marshall/Urbanears), HQ: Stockholm"
Garmin Ltd,Switzerland,"SEC 10-K Filing, HQ: Schaffhausen (operationally US-based)"
HouseTrip SA,Switzerland,"Company registration, HQ: Lausanne"
Kronoz LLC,Switzerland,"Company registration, HQ: Plan-les-Ouates"
Logitech International SA,Switzerland,"SEC 10-K Filing, HQ: Lausanne"
One Hotels & Resorts AG,Switzerland,"Company registration, HQ: Switzerland"
PocketBook International SA,Switzerland,"Company registration, HQ: Lugano"
Smood SA,Switzerland,"Company registration, HQ: Geneva"
Acer Inc,Taiwan,"TWSE Filing, HQ: New Taipei City"
AsusTek Computer Inc,Taiwan,"TWSE Filing, HQ: Taipei"
BenQ Corp,Taiwan,"TWSE Filing, HQ: Taipei"
Better Corp,Taiwan,"Company registration, HQ: Taipei"
Cathay Financial Holding Co Ltd,Taiwan,"TWSE Filing, HQ: Taipei"
China Airlines Ltd,Taiwan,"TWSE Filing, HQ: Taoyuan"
Chinatrust Financial Holding Co Ltd,Taiwan,"TWSE Filing, HQ: Taipei"
Coagent Group,Taiwan,"Company registration, HQ: Taipei"
DBS Bank (Taiwan) Ltd,Taiwan,"DBS Group subsidiary, HQ: Taipei"
E Sun Financial Holding Co Ltd,Taiwan,"TWSE Filing, HQ: Taipei"
E-Lead Electronic Co Ltd,Taiwan,"TWSE Filing, HQ: Taipei"
Evergreen Group,Taiwan,"TWSE Filing, HQ: Taipei"
Fubon Financial Holding Co Ltd,Taiwan,"TWSE Filing, HQ: Taipei"
Genius Toy Taiwan Co Ltd,Taiwan,"Company registration, HQ: Taipei"
HTC Corp,Taiwan,"TWSE Filing, HQ: New Taipei City"
Heran Co Ltd,Taiwan,"TWSE Filing, HQ: Taipei"
Hon Hai Precision Industry Co Ltd,Taiwan,"TWSE Filing, HQ: New Taipei City"
Kovan International Co Ltd,Taiwan,"Company registration, HQ: Taipei"
Maction Technologies Inc,Taiwan,"Company registration, HQ: Taipei"
MiTAC International Corp,Taiwan,"TWSE Filing, HQ: New Taipei City"
Micro-Star International Co Ltd,Taiwan,"TWSE Filing, HQ: New Taipei City (MSI)"
Nexgen Mediatech Inc,Taiwan,"Company registration, HQ: Taipei"
Sampo Corp,Taiwan,"TWSE Filing, HQ: Taipei"
Starlux Airlines Co Ltd,Taiwan,"Company registration, HQ: Taoyuan"
Taishin Financial Holding Co Ltd,Taiwan,"TWSE Filing, HQ: Taipei"
Bangkok Airways PCL,Thailand,"SET Filing, HQ: Bangkok"
Bangkok Bank PCL,Thailand,"SET Filing, HQ: Bangkok"
Bank of Ayudhya PCL,Thailand,"SET Filing, HQ: Bangkok"
Dusit Hotels & Resorts LLC,Thailand,"SET Filing, HQ: Bangkok"
"Erawan Group Plc, The",Thailand,"SET Filing, HQ: Bangkok"
HIFI Orient Thai PCL,Thailand,"SET Filing, HQ: Bangkok"
Kasikorn Bank PCL,Thailand,"SET Filing, HQ: Bangkok"
Krung Thai Bank PCL,Thailand,"SET Filing, HQ: Bangkok"
Minor International PCL,Thailand,"SET Filing, HQ: Bangkok"
Nok Airlines PCL,Thailand,"SET Filing, HQ: Bangkok"
"Siam Commercial Bank PCL, The",Thailand,"SET Filing, HQ: Bangkok"
Thai Airways International PCL,Thailand,"SET Filing, HQ: Bangkok"
Akbank TAS,Turkey,"BIST Filing, HQ: Istanbul"
Anex Tourism Group,Turkey,"Company registration, HQ: Antalya"
Atmaca Elektronik San ve Tic Ltd Sti,Turkey,"Company registration, HQ: Istanbul"
Beko Corp,Turkey,"Arçelik subsidiary, HQ: Istanbul"
Casper Computer AS,Turkey,"Company registration, HQ: Istanbul"
Delco Elektronik Pazarlama San Tic AS,Turkey,"Company registration, HQ: Istanbul"
Dolu Oyuncak San ve Tic AS,Turkey,"Company registration, HQ: Istanbul"
Garanti Bankasi AS,Turkey,"BIST Filing, HQ: Istanbul"
General Mobile Inc,Turkey,"Company registration, HQ: Istanbul"
Getir Perakende Lojistik AS,Turkey,"Company registration, HQ: Istanbul"
Kale Elektronik Dis Tic AS,Turkey,"Company registration, HQ: Istanbul"
Pegasus Hava Tasimaciligi AS,Turkey,"BIST Filing, HQ: Istanbul"
Piranha Bilisim Teknolojileri Ltd Sti,Turkey,"Company registration, HQ: Istanbul"
Premier Elektronik Paz Dag San ve Tic AS,Turkey,"Company registration, HQ: Istanbul"
SunExpress AS,Turkey,"Company registration (Lufthansa/Turkish JV), HQ: Antalya"
Sunman Group,Turkey,"Company registration, HQ: Istanbul"
Turkish Airlines AS,Turkey,"BIST Filing, HQ: Istanbul"
Turkiye Cumhuriyeti Ziraat Bankasi AS,Turkey,"BIST Filing, HQ: Ankara"
Turkiye Halk Bankasi AS,Turkey,"BIST Filing, HQ: Ankara"
Turkiye Is Bankasi AS (Isbank),Turkey,"BIST Filing, HQ: Istanbul"
Turkiye Vakiflar Bankasi TAO,Turkey,"BIST Filing, HQ: Ankara"
Vestel Elektronik AS,Turkey,"BIST Filing, HQ: Istanbul"
Vestel Ticaret AS,Turkey,"BIST Filing, HQ: Istanbul"
Yapi ve Kredi Bankasi AS,Turkey,"BIST Filing, HQ: Istanbul"
Avtolock TOV,Ukraine,"Company registration, HQ: Kyiv"
Bailican Ltd,Ukraine,"Company registration, HQ: Kyiv"
PrivatBank KB AT,Ukraine,"Company registration, HQ: Dnipro"
Sigma Mobile TOV,Ukraine,"Company registration, HQ: Kyiv"
Abu Dhabi Commercial Bank,United Arab Emirates,"ADX Filing, HQ: Abu Dhabi"
Air Arabia PJSC,United Arab Emirates,"DFM Filing, HQ: Sharjah"
Aram Meem LLC,United Arab Emirates,"Company registration (Noon Food), HQ: Dubai"
Dubai Aviation Corp,United Arab Emirates,"Company registration, HQ: Dubai (flydubai)"
Emirates Group Plc,United Arab Emirates,"Company registration, HQ: Dubai"
Emirates NBD,United Arab Emirates,"DFM Filing, HQ: Dubai"
Etihad Aviation Group,United Arab Emirates,"Company registration, HQ: Abu Dhabi"
First Abu Dhabi Bank PJSC,United Arab Emirates,"ADX Filing, HQ: Abu Dhabi"
Mashreq Bank,United Arab Emirates,"Company registration, HQ: Dubai"
Rotana Hotels Management Corp PJSC,United Arab Emirates,"Company registration, HQ: Abu Dhabi"
Audio Partnership Plc,United Kingdom,"Company registration (Cambridge Audio), HQ: London"
Barclays Plc,United Kingdom,"LSE Filing, HQ: London"
Deliveroo Plc,United Kingdom,"LSE Filing, HQ: London"
GP Acoustics GmbH,United Kingdom,"KEF subsidiary, HQ: Maidstone"
HSBC Holdings Plc,United Kingdom,"LSE Filing, HQ: London"
HTI Group,United Kingdom,"Company registration, HQ: Peterborough"
Hello Games Ltd,United Kingdom,MASTER_CODEBOOK (sourced from stock exchange filings and corporate registrations)
Hornby Plc,United Kingdom,"AIM Filing, HQ: Margate"
InterContinental Hotels Group Plc,United Kingdom,"LSE Filing, HQ: Denham"
Jagex Ltd,United Kingdom,MASTER_CODEBOOK (sourced from stock exchange filings and corporate registrations)
James Galt & Co Ltd,United Kingdom,"Company registration, HQ: Cheadle"
Jellycat Toy Co Ltd,United Kingdom,"Company registration, HQ: London"
Jet2 Plc,United Kingdom,"AIM Filing, HQ: Leeds"
Lloyds Banking Group Plc,United Kingdom,"LSE Filing, HQ: London"
Marshall Amplification Plc,United Kingdom,"Company registration, HQ: Milton Keynes"
Millennium & Copthorne Hotels Plc,United Kingdom,"LSE Filing, HQ: London"
Mind Candy Ltd,United Kingdom,"Company registration (Moshi Monsters), HQ: London"
Mookie Toys Ltd,United Kingdom,"Company registration, HQ: London"
NatWest Group Plc,United Kingdom,"LSE Filing, HQ: Edinburgh"
Nothing Technology Ltd,United Kingdom,"Company registration, HQ: London"
Rocco Forte & Family (Hotel Management) Ltd,United Kingdom,"Companies House, HQ: London"
Shell Plc,United Kingdom,"LSE Filing, HQ: London"
Standard Chartered Bank Plc,United Kingdom,"LSE Filing, HQ: London"
Virgin Group Ltd,United Kingdom,"Company registration, HQ: London"
Whitbread Plc,United Kingdom,"LSE Filing (Premier Inn), HQ: Dunstable"
easyJet plc,United Kingdom,"LSE Filing, HQ: Luton"
Airbnb Inc,United States,"SEC 10-K Filing, HQ: San Francisco, CA"
Alaska Airlines Inc,United States,"SEC Filing, HQ: Seattle, WA"
AliphCom Inc,United States,"Company registration (Jawbone), HQ: San Francisco, CA"
Alphabet Inc,United States,"SEC 10-K Filing, HQ: Mountain View, CA"
Amazon.com Inc,United States,"SEC 10-K Filing, HQ: Seattle, WA"
American Airlines Group Inc,United States,"SEC 10-K Filing, HQ: Fort Worth, TX"
American Express Co,United States,"SEC 10-K Filing, HQ: New York, NY"
Apple Inc,United States,"SEC 10-K Filing, HQ: Cupertino, CA"
Apple Leisure Group,United States,"Hyatt subsidiary, HQ: Newtown Square, PA"
ArenaNet LLC,United States,MASTER_CODEBOOK (sourced from stock exchange filings and corporate registrations)
Bank of America Corp,United States,"SEC 10-K Filing, HQ: Charlotte, NC"
Best Western International Inc,United States,"Company registration, HQ: Phoenix, AZ"
Booking Holdings Inc,United States,"SEC 10-K Filing, HQ: Norwalk, CT"
Bose Corp,United States,"Company registration, HQ: Framingham, MA"
Boss Audio Systems Inc,United States,"Company registration, HQ: Oxnard, CA"
Build-A-Bear Workshop Inc,United States,"SEC 10-K Filing, HQ: St. Louis, MO"
Capital One Financial Corp,United States,"SEC 10-K Filing, HQ: McLean, VA"
Cepia LLC,United States,"Company registration, HQ: St. Louis, MO"
Chevron Corp,United States,"SEC 10-K Filing (gas cards), HQ: San Ramon, CA"
Choice Hotels International Inc,United States,"SEC 10-K Filing, HQ: Rockville, MD"
Citigroup Inc,United States,"SEC 10-K Filing, HQ: New York, NY"
Dell Technologies Inc,United States,"SEC 10-K Filing, HQ: Round Rock, TX"
Delta Air Lines Inc,United States,"SEC 10-K Filing, HQ: Atlanta, GA"
Domino's Pizza Inc,United States,"SEC 10-K Filing, HQ: Ann Arbor, MI"
DoorDash Inc,United States,"SEC 10-K Filing, HQ: San Francisco, CA"
DreamWorks Animation SKG Inc,United States,"NBCUniversal (Comcast), HQ: Glendale, CA"
ETI Sound Systems Inc,United States,"Company registration, HQ: Oxnard, CA"
Electronic Arts Inc,United States,MASTER_CODEBOOK (sourced from stock exchange filings and corporate registrations)
Epic Games Inc,United States,"Company registration (Fortnite), HQ: Cary, NC"
Expedia Group Inc,United States,"SEC 10-K Filing, HQ: Seattle, WA"
Fossil Group Inc,United States,"SEC 10-K Filing, HQ: Richardson, TX"
Funko LLC,United States,"SEC 10-K Filing, HQ: Everett, WA"
G6 Hospitality LLC,United States,"Company registration, HQ: Carrollton, TX (Motel 6)"
GoPro Inc,United States,"SEC 10-K Filing, HQ: San Mateo, CA"
HP Inc,United States,"SEC 10-K Filing, HQ: Palo Alto, CA"
Hallmark Cards Inc,United States,"Company registration, HQ: Kansas City, MO"
Hasbro Inc,United States,"SEC 10-K Filing, HQ: Pawtucket, RI"
Hi-Rez Studios Inc,United States,MASTER_CODEBOOK (sourced from stock exchange filings and corporate registrations)
Hilton Worldwide Holdings Inc,United States,"SEC 10-K Filing, HQ: McLean, VA"
Hyatt Hotels Corp,United States,"SEC 10-K Filing, HQ: Chicago, IL"
Intex Recreation Corp,United States,"Company registration, HQ: Long Beach, CA"
JAKKS Pacific Inc,United States,"SEC 10-K Filing, HQ: Santa Monica, CA"
JL Audio Inc,United States,"Company registration, HQ: Miramar, FL"
JP Morgan Chase & Co,United States,"SEC 10-K Filing, HQ: New York, NY"
Jazwares Inc,United States,"Company registration, HQ: Sunrise, FL"
Jazwares LLC,United States,"Company registration, HQ: Sunrise, FL"
JetBlue Airways Corp,United States,"SEC 10-K Filing, HQ: Long Island City, NY"
Jlab Audio international,United States,"Company registration, HQ: El Segundo, CA"
K'NEX Industries Ltd,United States,"Company registration, HQ: Hatfield, PA"
Kids II Inc,United States,"Company registration, HQ: Atlanta, GA"
Kodak Alaris Inc,United States,"Company registration, HQ: Rochester, NY"
LaRose Industries LLC,United States,"Company registration, HQ: Omaha, NE (Zing)"
Las Vegas Sands Corp,United States,"SEC 10-K Filing, HQ: Las Vegas, NV"
"Leading Hotels of the World Ltd, The",United States,"Company registration, HQ: New York, NY"
MGA Entertainment Inc,United States,"Company registration, HQ: Chatsworth, CA"
Machine Zone Inc,United States,MASTER_CODEBOOK (sourced from stock exchange filings and corporate registrations)
Marriott International Inc,United States,"SEC 10-K Filing, HQ: Bethesda, MD"
Mattel Inc,United States,"SEC 10-K Filing, HQ: El Segundo, CA"
McDonald's Corp,United States,"SEC 10-K Filing, HQ: Chicago, IL"
Mcfarlane Worldwide Inc,United States,"Company registration, HQ: Tempe, AZ"
Melissa & Doug LLC,United States,"Company registration, HQ: Wilton, CT"
Meta Platforms Inc,United States,MASTER_CODEBOOK (sourced from stock exchange filings and corporate registrations)
Microsoft Corp,United States,"SEC 10-K Filing, HQ: Redmond, WA"
Monolith Productions Inc,United States,MASTER_CODEBOOK (sourced from stock exchange filings and corporate registrations)
National Geographic Society,United States,"Company registration, HQ: Washington, DC"
Niantic Inc,United States,MASTER_CODEBOOK (sourced from stock exchange filings and corporate registrations)
PLR Ecommerce LLC,United States,"Company registration, HQ: Provo, UT"
Papa John's International Inc,United States,"SEC 10-K Filing, HQ: Louisville, KY"
Prime Time Toys LLC,United States,"Company registration, HQ: New York, NY"
Private Label,United States,Generic/Multiple retailers
Psyonix Inc,United States,MASTER_CODEBOOK (sourced from stock exchange filings and corporate registrations)
Radio Flyer Inc,United States,"Company registration, HQ: Chicago, IL"
Redwood Ventures Ltd LLC,United States,"Company registration, HQ: Ontario, CA"
Roblox Corp,United States,"SEC Filing, HQ: San Mateo, CA"
Rockford Corp,United States,"Company registration, HQ: Tempe, AZ"
Rubie's Costume Co Inc,United States,"Company registration, HQ: Melville, NY"
Scopely Inc,United States,MASTER_CODEBOOK (sourced from stock exchange filings and corporate registrations)
Shokz LLC,United States,"Company registration, HQ: Austin, TX"
Skullcandy Inc,United States,"Company registration, HQ: Park City, UT"
Sonos Inc,United States,"SEC Filing, HQ: Santa Barbara, CA"
Sound United LLC,United States,"Company registration, HQ: Vista, CA"
Southwest Airlines Co,United States,"SEC 10-K Filing, HQ: Dallas, TX"
Spirit Airlines Inc,United States,"SEC 10-K Filing, HQ: Miramar, FL"
"Step 2 Co LLC, The",United States,"Company registration, HQ: Streetsboro, OH"
Stillwater Designs Inc,United States,"Kicker brand, HQ: Stillwater, OK"
Take-Two Interactive Software Inc,United States,MASTER_CODEBOOK (sourced from stock exchange filings and corporate registrations)
TripAdvisor Inc,United States,"SEC 10-K Filing, HQ: Needham, MA"
Tru Kids Inc,United States,"Company registration (Toys R Us brand holder), HQ: Parsippany, NJ"
Tucker Toys Inc,United States,"Company registration, HQ: Marietta, GA"
Ty Inc,United States,"Company registration, HQ: Westmont, IL"
Uber Technologies Inc,United States,"SEC 10-K Filing, HQ: San Francisco, CA"
United Continental Holdings Inc,United States,"SEC 10-K Filing, HQ: Chicago, IL"
Valve Corp,United States,MASTER_CODEBOOK (sourced from stock exchange filings and corporate registrations)
ViewSonic Corp,United States,"Company registration, HQ: Brea, CA"
Vizio Inc,United States,"SEC Filing, HQ: Irvine, CA"
Voxx International Corp,United States,"SEC 10-K Filing, HQ: Orlando, FL"
Värde Partners Inc,United States,"Company registration, HQ: Minneapolis, MN"
"Walt Disney Co, The",United States,"SEC 10-K Filing, HQ: Burbank, CA"
Warner Bros Entertainment Inc,United States,MASTER_CODEBOOK (sourced from stock exchange filings and corporate registrations)
Western Digital Corp,United States,"SEC 10-K Filing, HQ: San Jose, CA"
Wham-O Inc,United States,"Company registration, HQ: Carson, CA"
Wyndham Hotels & Resorts Inc,United States,"SEC 10-K Filing, HQ: Parsippany, NJ"
Xerox Corp,United States,"SEC 10-K Filing, HQ: Norwalk, CT"
Yum! Brands Inc,United States,"SEC 10-K Filing, HQ: Louisville, KY"
Bank for Investment & Development of Vietnam (BIDV),Vietnam,"HOSE Filing, HQ: Hanoi"
FLC Group,Vietnam,"HOSE Filing (Bamboo Airways owner), HQ: Hanoi"
JSC Bank for Foreign Trade of Vietnam (Vietcombank),Vietnam,"HOSE Filing, HQ: Hanoi"
Masan Group Corp,Vietnam,"HOSE Filing, HQ: Ho Chi Minh City"
Military Commercial Joint Stock Bank,Vietnam,"HOSE Filing, HQ: Hanoi"
Muong Thanh Group,Vietnam,"Company registration, HQ: Hanoi"
Saigon Thuong Tin Commercial JSB,Vietnam,"HOSE Filing (Sacombank), HQ: Ho Chi Minh City"
Shinhan Vietnam Bank Ltd,Vietnam,"Shinhan Financial Group subsidiary, HQ: Ho Chi Minh City"
Tien Phong Commercial JSB,Vietnam,"HOSE Filing (TPBank), HQ: Hanoi"
VietJet Aviation JSC,Vietnam,"HOSE Filing, HQ: Ho Chi Minh City"
Vietnam Airlines Co Ltd,Vietnam,"HOSE Filing, HQ: Hanoi"
Vietnam International Commercial JSB,Vietnam,"HOSE Filing (VIB), HQ: Ho Chi Minh City"
Vietnam JSC Bank for Industry & Trade (Vietinbank),Vietnam,"HOSE Filing, HQ: Hanoi"
Vietnam Prosperity Commercial JCB,Vietnam,"HOSE Filing (VPBank), HQ: Hanoi"
Vietnam Technological & Commercial Bank,Vietnam,"HOSE Filing (Techcombank), HQ: Hanoi"
