"country_name","iso3c","iso2c","continent","region"
"Afghanistan","AFG","AF","Asia","South Asia"
"Albania","ALB","AL","Europe","Europe & Central Asia"
"Algeria","DZA","DZ","Africa","Middle East & North Africa"
"American Samoa","ASM","AS","Oceania","East Asia & Pacific"
"Andorra","AND","AD","Europe","Europe & Central Asia"
"Angola","AGO","AO","Africa","Sub-Saharan Africa"
"Anguilla","AIA","AI","Americas","Latin America & Caribbean"
"Antarctica","ATA","AQ","Antarctica",NA
"Antigua & Barbuda","ATG","AG","Americas","Latin America & Caribbean"
"Argentina","ARG","AR","Americas","Latin America & Caribbean"
"Armenia","ARM","AM","Asia","Europe & Central Asia"
"Aruba","ABW","AW","Americas","Latin America & Caribbean"
"Australia","AUS","AU","Oceania","East Asia & Pacific"
"Austria","AUT","AT","Europe","Europe & Central Asia"
"Azerbaijan","AZE","AZ","Asia","Europe & Central Asia"
"Bahamas","BHS","BS","Americas","Latin America & Caribbean"
"Bahrain","BHR","BH","Asia","Middle East & North Africa"
"Bangladesh","BGD","BD","Asia","South Asia"
"Barbados","BRB","BB","Americas","Latin America & Caribbean"
"Belarus","BLR","BY","Europe","Europe & Central Asia"
"Belgium","BEL","BE","Europe","Europe & Central Asia"
"Belize","BLZ","BZ","Americas","Latin America & Caribbean"
"Benin","BEN","BJ","Africa","Sub-Saharan Africa"
"Bermuda","BMU","BM","Americas","North America"
"Bhutan","BTN","BT","Asia","South Asia"
"Bolivia","BOL","BO","Americas","Latin America & Caribbean"
"Bosnia & Herzegovina","BIH","BA","Europe","Europe & Central Asia"
"Botswana","BWA","BW","Africa","Sub-Saharan Africa"
"Bouvet Island","BVT","BV",NA,NA
"Brazil","BRA","BR","Americas","Latin America & Caribbean"
"British Indian Ocean Territory","IOT","IO",NA,NA
"British Virgin Islands","VGB","VG","Americas","Latin America & Caribbean"
"Brunei","BRN","BN","Asia","East Asia & Pacific"
"Bulgaria","BGR","BG","Europe","Europe & Central Asia"
"Burkina Faso","BFA","BF","Africa","Sub-Saharan Africa"
"Burundi","BDI","BI","Africa","Sub-Saharan Africa"
"Cambodia","KHM","KH","Asia","East Asia & Pacific"
"Cameroon","CMR","CM","Africa","Sub-Saharan Africa"
"Canada","CAN","CA","Americas","North America"
"Cape Verde","CPV","CV","Africa","Sub-Saharan Africa"
"Caribbean Netherlands","BES","BQ","Americas","Latin America & Caribbean"
"Cayman Islands","CYM","KY","Americas","Latin America & Caribbean"
"Central African Republic","CAF","CF","Africa","Sub-Saharan Africa"
"Chad","TCD","TD","Africa","Sub-Saharan Africa"
"Chile","CHL","CL","Americas","Latin America & Caribbean"
"China","CHN","CN","Asia","East Asia & Pacific"
"Christmas Island","CXR","CX","Oceania","East Asia & Pacific"
"Cocos (Keeling) Islands","CCK","CC",NA,"East Asia & Pacific"
"Colombia","COL","CO","Americas","Latin America & Caribbean"
"Comoros","COM","KM","Africa","Sub-Saharan Africa"
"Congo - Brazzaville","COG","CG","Africa","Sub-Saharan Africa"
"Congo - Kinshasa","COD","CD","Africa","Sub-Saharan Africa"
"Cook Islands","COK","CK","Oceania","East Asia & Pacific"
"Costa Rica","CRI","CR","Americas","Latin America & Caribbean"
"Croatia","HRV","HR","Europe","Europe & Central Asia"
"Cuba","CUB","CU","Americas","Latin America & Caribbean"
"Curaçao","CUW","CW","Americas","Latin America & Caribbean"
"Cyprus","CYP","CY","Asia","Europe & Central Asia"
"Czechia","CZE","CZ","Europe","Europe & Central Asia"
"Côte d’Ivoire","CIV","CI","Africa","Sub-Saharan Africa"
"Denmark","DNK","DK","Europe","Europe & Central Asia"
"Djibouti","DJI","DJ","Africa","Middle East & North Africa"
"Dominica","DMA","DM","Americas","Latin America & Caribbean"
"Dominican Republic","DOM","DO","Americas","Latin America & Caribbean"
"Ecuador","ECU","EC","Americas","Latin America & Caribbean"
"Egypt","EGY","EG","Africa","Middle East & North Africa"
"El Salvador","SLV","SV","Americas","Latin America & Caribbean"
"Equatorial Guinea","GNQ","GQ","Africa","Sub-Saharan Africa"
"Eritrea","ERI","ER","Africa","Sub-Saharan Africa"
"Estonia","EST","EE","Europe","Europe & Central Asia"
"Eswatini","SWZ","SZ","Africa","Sub-Saharan Africa"
"Ethiopia","ETH","ET","Africa","Sub-Saharan Africa"
"Falkland Islands","FLK","FK","Americas","Latin America & Caribbean"
"Faroe Islands","FRO","FO","Europe","Europe & Central Asia"
"Fiji","FJI","FJ","Oceania","East Asia & Pacific"
"Finland","FIN","FI","Europe","Europe & Central Asia"
"France","FRA","FR","Europe","Europe & Central Asia"
"French Guiana","GUF","GF","Americas","Latin America & Caribbean"
"French Polynesia","PYF","PF","Oceania","East Asia & Pacific"
"French Southern Territories","ATF","TF",NA,NA
"Gabon","GAB","GA","Africa","Sub-Saharan Africa"
"Gambia","GMB","GM","Africa","Sub-Saharan Africa"
"Georgia","GEO","GE","Asia","Europe & Central Asia"
"Germany","DEU","DE","Europe","Europe & Central Asia"
"Ghana","GHA","GH","Africa","Sub-Saharan Africa"
"Gibraltar","GIB","GI","Europe","Europe & Central Asia"
"Greece","GRC","GR","Europe","Europe & Central Asia"
"Greenland","GRL","GL","Americas","Europe & Central Asia"
"Grenada","GRD","GD","Americas","Latin America & Caribbean"
"Guadeloupe","GLP","GP","Americas","Latin America & Caribbean"
"Guam","GUM","GU","Oceania","East Asia & Pacific"
"Guatemala","GTM","GT","Americas","Latin America & Caribbean"
"Guernsey","GGY","GG","Europe","Europe & Central Asia"
"Guinea","GIN","GN","Africa","Sub-Saharan Africa"
"Guinea-Bissau","GNB","GW","Africa","Sub-Saharan Africa"
"Guyana","GUY","GY","Americas","Latin America & Caribbean"
"Haiti","HTI","HT","Americas","Latin America & Caribbean"
"Heard & McDonald Islands","HMD","HM",NA,"East Asia & Pacific"
"Honduras","HND","HN","Americas","Latin America & Caribbean"
"Hong Kong SAR China","HKG","HK","Asia","East Asia & Pacific"
"Hungary","HUN","HU","Europe","Europe & Central Asia"
"Iceland","ISL","IS","Europe","Europe & Central Asia"
"India","IND","IN","Asia","South Asia"
"Indonesia","IDN","ID","Asia","East Asia & Pacific"
"Iran","IRN","IR","Asia","Middle East & North Africa"
"Iraq","IRQ","IQ","Asia","Middle East & North Africa"
"Ireland","IRL","IE","Europe","Europe & Central Asia"
"Isle of Man","IMN","IM","Europe","Europe & Central Asia"
"Israel","ISR","IL","Asia","Middle East & North Africa"
"Italy","ITA","IT","Europe","Europe & Central Asia"
"Jamaica","JAM","JM","Americas","Latin America & Caribbean"
"Japan","JPN","JP","Asia","East Asia & Pacific"
"Jersey","JEY","JE","Europe","Europe & Central Asia"
"Jordan","JOR","JO","Asia","Middle East & North Africa"
"Kazakhstan","KAZ","KZ","Asia","Europe & Central Asia"
"Kenya","KEN","KE","Africa","Sub-Saharan Africa"
"Kiribati","KIR","KI","Oceania","East Asia & Pacific"
"Kuwait","KWT","KW","Asia","Middle East & North Africa"
"Kyrgyzstan","KGZ","KG","Asia","Europe & Central Asia"
"Laos","LAO","LA","Asia","East Asia & Pacific"
"Latvia","LVA","LV","Europe","Europe & Central Asia"
"Lebanon","LBN","LB","Asia","Middle East & North Africa"
"Lesotho","LSO","LS","Africa","Sub-Saharan Africa"
"Liberia","LBR","LR","Africa","Sub-Saharan Africa"
"Libya","LBY","LY","Africa","Middle East & North Africa"
"Liechtenstein","LIE","LI","Europe","Europe & Central Asia"
"Lithuania","LTU","LT","Europe","Europe & Central Asia"
"Luxembourg","LUX","LU","Europe","Europe & Central Asia"
"Macao SAR China","MAC","MO","Asia","East Asia & Pacific"
"Madagascar","MDG","MG","Africa","Sub-Saharan Africa"
"Malawi","MWI","MW","Africa","Sub-Saharan Africa"
"Malaysia","MYS","MY","Asia","East Asia & Pacific"
"Maldives","MDV","MV","Asia","South Asia"
"Mali","MLI","ML","Africa","Sub-Saharan Africa"
"Malta","MLT","MT","Europe","Middle East & North Africa"
"Marshall Islands","MHL","MH","Oceania","East Asia & Pacific"
"Martinique","MTQ","MQ","Americas","Latin America & Caribbean"
"Mauritania","MRT","MR","Africa","Sub-Saharan Africa"
"Mauritius","MUS","MU","Africa","Sub-Saharan Africa"
"Mayotte","MYT","YT","Africa",NA
"Mexico","MEX","MX","Americas","Latin America & Caribbean"
"Micronesia (Federated States of)","FSM","FM","Oceania","East Asia & Pacific"
"Moldova","MDA","MD","Europe","Europe & Central Asia"
"Monaco","MCO","MC","Europe","Europe & Central Asia"
"Mongolia","MNG","MN","Asia","East Asia & Pacific"
"Montenegro","MNE","ME","Europe","Europe & Central Asia"
"Montserrat","MSR","MS","Americas","Latin America & Caribbean"
"Morocco","MAR","MA","Africa","Middle East & North Africa"
"Mozambique","MOZ","MZ","Africa","Sub-Saharan Africa"
"Myanmar (Burma)","MMR","MM","Asia","East Asia & Pacific"
"Namibia","NAM","NA","Africa","Sub-Saharan Africa"
"Nauru","NRU","NR","Oceania","East Asia & Pacific"
"Nepal","NPL","NP","Asia","South Asia"
"Netherlands","NLD","NL","Europe","Europe & Central Asia"
"New Caledonia","NCL","NC","Oceania","East Asia & Pacific"
"New Zealand","NZL","NZ","Oceania","East Asia & Pacific"
"Nicaragua","NIC","NI","Americas","Latin America & Caribbean"
"Niger","NER","NE","Africa","Sub-Saharan Africa"
"Nigeria","NGA","NG","Africa","Sub-Saharan Africa"
"Niue","NIU","NU","Oceania","East Asia & Pacific"
"Norfolk Island","NFK","NF","Oceania","East Asia & Pacific"
"North Korea","PRK","KP","Asia","East Asia & Pacific"
"North Macedonia","MKD","MK","Europe","Europe & Central Asia"
"Northern Mariana Islands","MNP","MP","Oceania","East Asia & Pacific"
"Norway","NOR","NO","Europe","Europe & Central Asia"
"Oman","OMN","OM","Asia","Middle East & North Africa"
"Pakistan","PAK","PK","Asia","South Asia"
"Palau","PLW","PW","Oceania","East Asia & Pacific"
"Palestinian Territories","PSE","PS","Asia","Middle East & North Africa"
"Panama","PAN","PA","Americas","Latin America & Caribbean"
"Papua New Guinea","PNG","PG","Oceania","East Asia & Pacific"
"Paraguay","PRY","PY","Americas","Latin America & Caribbean"
"Peru","PER","PE","Americas","Latin America & Caribbean"
"Philippines","PHL","PH","Asia","East Asia & Pacific"
"Pitcairn Islands","PCN","PN","Oceania","East Asia & Pacific"
"Poland","POL","PL","Europe","Europe & Central Asia"
"Portugal","PRT","PT","Europe","Europe & Central Asia"
"Puerto Rico","PRI","PR","Americas","Latin America & Caribbean"
"Qatar","QAT","QA","Asia","Middle East & North Africa"
"Romania","ROU","RO","Europe","Europe & Central Asia"
"Russia","RUS","RU","Europe","Europe & Central Asia"
"Rwanda","RWA","RW","Africa","Sub-Saharan Africa"
"Réunion","REU","RE","Africa",NA
"Saint Martin (French part)","MAF","MF","Americas","Latin America & Caribbean"
"Samoa","WSM","WS","Oceania","East Asia & Pacific"
"San Marino","SMR","SM","Europe","Europe & Central Asia"
"Saudi Arabia","SAU","SA","Asia","Middle East & North Africa"
"Senegal","SEN","SN","Africa","Sub-Saharan Africa"
"Serbia","SRB","RS","Europe","Europe & Central Asia"
"Seychelles","SYC","SC","Africa","Sub-Saharan Africa"
"Sierra Leone","SLE","SL","Africa","Sub-Saharan Africa"
"Singapore","SGP","SG","Asia","East Asia & Pacific"
"Sint Maarten","SXM","SX","Americas","Latin America & Caribbean"
"Slovakia","SVK","SK","Europe","Europe & Central Asia"
"Slovenia","SVN","SI","Europe","Europe & Central Asia"
"Solomon Islands","SLB","SB","Oceania","East Asia & Pacific"
"Somalia","SOM","SO","Africa","Sub-Saharan Africa"
"South Africa","ZAF","ZA","Africa","Sub-Saharan Africa"
"South Georgia & South Sandwich Islands","SGS","GS",NA,"East Asia & Pacific"
"South Korea","KOR","KR","Asia","East Asia & Pacific"
"South Sudan","SSD","SS","Africa","Sub-Saharan Africa"
"Spain","ESP","ES","Europe","Europe & Central Asia"
"Sri Lanka","LKA","LK","Asia","South Asia"
"St. Barthélemy","BLM","BL","Americas","Latin America & Caribbean"
"St. Helena","SHN","SH","Africa",NA
"St. Kitts & Nevis","KNA","KN","Americas","Latin America & Caribbean"
"St. Lucia","LCA","LC","Americas","Latin America & Caribbean"
"St. Pierre & Miquelon","SPM","PM","Americas","North America"
"St. Vincent & Grenadines","VCT","VC","Americas","Latin America & Caribbean"
"Sudan","SDN","SD","Africa","Sub-Saharan Africa"
"Suriname","SUR","SR","Americas","Latin America & Caribbean"
"Svalbard & Jan Mayen","SJM","SJ","Europe",NA
"Sweden","SWE","SE","Europe","Europe & Central Asia"
"Switzerland","CHE","CH","Europe","Europe & Central Asia"
"Syria","SYR","SY","Asia","Middle East & North Africa"
"São Tomé & Príncipe","STP","ST","Africa","Sub-Saharan Africa"
"Taiwan","TWN","TW","Asia","East Asia & Pacific"
"Tajikistan","TJK","TJ","Asia","Europe & Central Asia"
"Tanzania","TZA","TZ","Africa","Sub-Saharan Africa"
"Thailand","THA","TH","Asia","East Asia & Pacific"
"Timor-Leste","TLS","TL","Asia","East Asia & Pacific"
"Togo","TGO","TG","Africa","Sub-Saharan Africa"
"Tokelau","TKL","TK","Oceania","East Asia & Pacific"
"Tonga","TON","TO","Oceania","East Asia & Pacific"
"Trinidad & Tobago","TTO","TT","Americas","Latin America & Caribbean"
"Tunisia","TUN","TN","Africa","Middle East & North Africa"
"Turkey","TUR","TR","Asia","Europe & Central Asia"
"Turkmenistan","TKM","TM","Asia","Europe & Central Asia"
"Turks & Caicos Islands","TCA","TC","Americas","Latin America & Caribbean"
"Tuvalu","TUV","TV","Oceania","East Asia & Pacific"
"U.S. Virgin Islands","VIR","VI","Americas","Latin America & Caribbean"
"Uganda","UGA","UG","Africa","Sub-Saharan Africa"
"Ukraine","UKR","UA","Europe","Europe & Central Asia"
"United Arab Emirates","ARE","AE","Asia","Middle East & North Africa"
"United Kingdom","GBR","GB","Europe","Europe & Central Asia"
"United States","USA","US","Americas","North America"
"United States Minor Outlying Islands (the)","UMI","UM",NA,NA
"Uruguay","URY","UY","Americas","Latin America & Caribbean"
"Uzbekistan","UZB","UZ","Asia","Europe & Central Asia"
"Vanuatu","VUT","VU","Oceania","East Asia & Pacific"
"Vatican City","VAT","VA","Europe","Europe & Central Asia"
"Venezuela","VEN","VE","Americas","Latin America & Caribbean"
"Vietnam","VNM","VN","Asia","East Asia & Pacific"
"Wallis & Futuna","WLF","WF","Oceania",NA
"Western Sahara","ESH","EH","Africa",NA
"Yemen","YEM","YE","Asia","Middle East & North Africa"
"Zambia","ZMB","ZM","Africa","Sub-Saharan Africa"
"Zimbabwe","ZWE","ZW","Africa","Sub-Saharan Africa"
"Åland Islands","ALA","AX","Europe","Europe & Central Asia"
